{"cameraMode":{"drawMode":0,"name":"Shaded","section":"Shading Mode"},"sceneLighting":true,"audioPlay":false,"sceneViewState":{"showFog":true,"showMaterialUpdate":false,"showSkybox":true,"showFlares":true,"showImageEffects":true,"showParticleSystems":true,"showVisualEffectGraphs":true,"m_FxEnabled":true},"in2DMode":false,"pivot":{"x":-0.07452097535133362,"y":0.06548900157213211,"z":1.110251545906067},"rotation":{"x":-0.1309301257133484,"y":-0.3091198205947876,"z":0.04323364049196243,"w":-0.9410916566848755},"size":0.02284892462193966,"orthographic":false}